{"cameraMode":{"drawMode":0,"name":"Shaded","section":"Shading Mode"},"sceneLighting":true,"audioPlay":false,"sceneViewState":{"m_AlwaysRefresh":false,"showFog":true,"showSkybox":true,"showFlares":true,"showImageEffects":true,"showParticleSystems":true,"showVisualEffectGraphs":true,"m_FxEnabled":true},"in2DMode":false,"pivot":{"x":1.7906875610351563,"y":0.5446128845214844,"z":13.327133178710938},"rotation":{"x":-0.19368043541908265,"y":0.7975025773048401,"z":-0.33231019973754885,"w":-0.46480873227119448},"size":27.37367820739746,"orthographic":false}